{
  "@file": "ArQuery",
  "preg_replace": [
      {
        "search": "/^ال/",
        "replace": "(ال)?"
      },
      {
        "search": "/(\\S{3,})تين$/",
        "replace": "\\1(تين|ة)?"
      },
      {
        "search": "/(\\S{3,})ين$/",
        "replace": "\\1(ين)?"
      },
      {
        "search": "/(\\S{3,})ون$/",
        "replace": "\\1(ون)?"
      },
      {
        "search": "/(\\S{3,})ان$/",
        "replace": "\\1(ان)?"
      },
      {
        "search": "/(\\S{3,})تا$/",
        "replace": "\\1(تا)?"
      },
      {
        "search": "/(\\S{3,})ا$/",
        "replace": "\\1(ا)?"
      },
      {
        "search": "/(\\S{3,})(ة|ات)$/",
        "replace": "\\1(ة|ات)?"
      },
      {
        "search": "/(\\S{3,})هما$/",
        "replace": "\\1(هما)?"
      },
      {
        "search": "/(\\S{3,})كما$/",
        "replace": "\\1(كما)?"
      },
      {
        "search": "/(\\S{3,})ني$/",
        "replace": "\\1(ني)?"
      },
      {
        "search": "/(\\S{3,})كم$/",
        "replace": "\\1(كم)?"
      },
      {
        "search": "/(\\S{3,})تم$/",
        "replace": "\\1(تم)?"
      },
      {
        "search": "/(\\S{3,})كن$/",
        "replace": "\\1(كن)?"
      },
      {
        "search": "/(\\S{3,})تن$/",
        "replace": "\\1(تن)?"
      },
      {
        "search": "/(\\S{3,})نا$/",
        "replace": "\\1(نا)?"
      },
      {
        "search": "/(\\S{3,})ها$/",
        "replace": "\\1(ها)?"
      },
      {
        "search": "/(\\S{3,})هم$/",
        "replace": "\\1(هم)?"
      },
      {
        "search": "/(\\S{3,})هن$/",
        "replace": "\\1(هن)?"
      },
      {
        "search": "/(\\S{3,})وا$/",
        "replace": "\\1(وا)?"
      },
      {
        "search": "/(\\S{3,})ية$/",
        "replace": "\\1(ي|ية)?"
      },
      {
        "search": "/(\\S{3,})ن$/",
        "replace": "\\1(ن)?"
      },
      {
        "search": "/(ة|ه)$/",
        "replace": "(ة|ه)"
      },
      {
        "search": "/(ة|ت)$/",
        "replace": "(ة|ت)"
      },
      {
        "search": "/(ي|ى)$/",
        "replace": "(ي|ى)"
      },
      {
        "search": "/(ا|ى)$/",
        "replace": "(ا|ى)"
      },
      {
        "search": "/(ئ|ىء|ؤ|وء|ء)/",
        "replace": "(ئ|ىء|ؤ|وء|ء)"
      },
      {
        "search": "/(ظ|ض)/",
        "replace": "(ظ|ض)"
      },
      {
        "search": "/ڨ/",
        "replace": "(ف|ڨ)"
      },
      {
        "search": "/پ/",
        "replace": "(ب|پ)"
      },
      {
        "search": "/چ/",
        "replace": "(ج|چ)"
      },
      {
        "search": "/ژ/",
        "replace": "(ز|ژ)"
      },
      {
        "search": "/(ڪ|گ)/",
        "replace": "(ڪ|ك|گ)"
      },
      {
        "search": "/ّ|َ|ً|ُ|ٌ|ِ|ٍ|ْ/",
        "replace": "(ّ|َ|ً|ُ|ٌ|ِ|ٍ|ْ)?"
      },
      {
        "search": "/ا|أ|إ|آ/",
        "replace": "(ا|أ|إ|آ)"
      }
    ]
}